,growth,inflation,growth_up,infl_up,quadrant
1970-03-31,-0.6,4.694192764071407,False,False,4
1970-06-30,0.6,4.6266474083050655,True,False,1
1970-09-30,3.7,4.583895459389131,True,False,1
1970-12-31,-4.2,4.821451216669341,False,True,3
1971-03-31,11.3,5.006524578890081,True,True,2
1971-06-30,2.2,5.015719160062974,False,True,3
1971-09-30,3.3,4.839945532124819,True,False,1
1971-12-31,0.9,3.9785642410239626,False,False,4
1972-03-31,7.6,3.661970663727731,True,False,1
1972-06-30,9.4,3.1863236264073245,True,False,1
1972-09-30,3.8,2.9907527258697275,False,False,4
1972-12-31,6.9,3.0490693665675104,True,True,2
1973-03-31,10.3,2.7812979249685363,True,False,1
1973-06-30,4.4,3.481151349291989,False,True,3
1973-09-30,-2.1,4.0739297238157794,False,True,3
1973-12-31,3.9,4.86447197266829,True,True,2
1974-03-31,-3.4,5.926183527838528,False,True,3
1974-06-30,1.0,7.0989577662947525,True,True,2
1974-09-30,-3.7,8.715013464928957,False,True,3
1974-12-31,-1.5,9.842908213250617,True,True,2
1975-03-31,-4.8,10.0996308770373,False,True,3
1975-06-30,2.9,9.070722279075534,True,False,1
1975-09-30,7.0,7.63022488115579,True,False,1
1975-12-31,5.5,6.77197868335077,False,False,4
1976-03-31,9.3,6.318299971558461,True,False,1
1976-06-30,3.0,5.97762712220952,False,False,4
1976-09-30,2.2,6.04632903358866,False,True,3
1976-12-31,2.9,5.98067854385728,True,False,1
1977-03-31,4.8,6.150160379973786,True,True,2
1977-06-30,8.0,6.494488155011116,True,True,2
1977-09-30,7.4,6.597092686001652,False,True,3
1977-12-31,0.0,6.478862314018492,False,False,4
1978-03-31,1.3,6.350587143346835,True,False,1
1978-06-30,16.4,6.5568186420100245,True,True,2
1978-09-30,4.1,6.611488758058208,False,True,3
1978-12-31,5.5,6.97114988954209,True,True,2
1979-03-31,0.7,6.766713745466572,False,False,4
1979-06-30,0.4,7.263048024440873,False,True,3
1979-09-30,3.0,7.399990028519461,True,True,2
1979-12-31,1.0,7.706586189252129,False,True,3
1980-03-31,1.3,8.853525601259989,True,True,2
1980-06-30,-8.0,8.89595728459504,False,True,3
1980-09-30,-0.5,9.302561819892345,True,True,2
1980-12-31,7.7,9.678466379624957,True,True,2
1981-03-31,8.1,9.436890132260567,True,False,1
1981-06-30,-2.9,9.063604226962338,False,False,4
1981-09-30,4.9,8.653437839801711,True,False,1
1981-12-31,-4.3,7.956072033194794,False,False,4
1982-03-31,-6.1,7.158766534273897,False,False,4
1982-06-30,1.8,6.5931709725662655,True,False,1
1982-09-30,-1.5,6.344309250507589,False,False,4
1982-12-31,0.2,5.94018728830427,True,False,1
1983-03-31,5.4,5.783199239916244,True,False,1
1983-06-30,9.4,5.170209337457776,True,False,1
1983-09-30,8.2,5.083199413744162,False,False,4
1983-12-31,8.6,4.469773019846368,True,False,1
1984-03-31,8.1,4.155936204302657,False,False,4
1984-06-30,7.1,4.575912656765417,False,True,3
1984-09-30,3.9,3.9777952041367026,False,False,4
1984-12-31,3.3,3.8857124616800647,False,False,4
1985-03-31,3.9,4.250382230705241,True,True,2
1985-06-30,3.6,3.9372180697044623,False,False,4
1985-09-30,6.3,4.028029392191534,True,True,2
1985-12-31,3.0,4.034069203716739,False,True,3
1986-03-31,3.8,3.7425982268622335,True,False,1
1986-06-30,1.8,3.5556329333328307,False,False,4
1986-09-30,3.9,3.206925517489001,True,False,1
1986-12-31,2.2,3.3062903093597384,False,True,3
1987-03-31,3.0,2.849990875836713,True,False,1
1987-06-30,4.4,3.1412361252926977,True,True,2
1987-09-30,3.5,3.3551849386914028,False,True,3
1987-12-31,7.0,3.5624535326536972,True,True,2
1988-03-31,2.1,3.9036379231037017,False,True,3
1988-06-30,5.4,4.151668765362756,True,True,2
1988-09-30,2.4,4.416049421819731,False,True,3
1988-12-31,5.4,4.520287307316366,True,True,2
1989-03-31,4.1,4.651429879064839,False,True,3
1989-06-30,3.1,4.339071427176896,False,False,4
1989-09-30,3.0,3.9187900342932074,False,False,4
1989-12-31,0.8,3.7110808366722794,False,False,4
1990-03-31,4.4,3.7723590025630305,True,True,2
1990-06-30,1.5,3.985902720440341,False,True,3
1990-09-30,0.3,4.260778130462714,False,True,3
1990-12-31,-3.6,4.182913167824427,False,False,4
1991-03-31,-1.9,3.911608909246459,True,False,1
1991-06-30,3.2,3.5550651635815798,True,False,1
1991-09-30,2.0,3.442139103199112,False,False,4
1991-12-31,1.4,3.387695689035771,False,False,4
1992-03-31,4.9,3.262459239171737,True,False,1
1992-06-30,4.4,3.196207406937416,False,False,4
1992-09-30,4.0,2.88126210595104,False,False,4
1992-12-31,4.2,2.8256742792386693,True,False,1
1993-03-31,0.7,2.748391826383749,False,False,4
1993-06-30,2.3,2.802604443854443,True,True,2
1993-09-30,1.9,2.7686212835605386,False,False,4
1993-12-31,5.6,2.545858079600823,True,False,1
1994-03-31,3.9,2.3055662384205458,False,False,4
1994-06-30,5.5,2.2181881616608834,True,False,1
1994-09-30,2.4,2.217415527853069,False,False,4
1994-12-31,4.7,2.211069474592775,True,False,1
1995-03-31,1.4,2.2826740494653905,False,True,3
1995-06-30,1.2,2.202256815087278,False,False,4
1995-09-30,3.5,2.119154746659461,True,False,1
1995-12-31,2.7,2.1124174644544302,False,False,4
1996-03-31,3.0,1.9794596748357485,True,False,1
1996-06-30,6.8,1.8595550264070078,True,False,1
1996-09-30,3.6,1.8387206388105055,False,False,4
1996-12-31,4.2,1.9075241001373922,True,True,2
1997-03-31,2.6,1.9071341684519998,False,False,4
1997-06-30,6.8,1.9541307473857887,True,True,2
1997-09-30,5.1,1.7282442785302221,False,False,4
1997-12-31,3.5,1.4724051820238948,False,False,4
1998-03-31,4.1,1.3732981390692196,True,False,1
1998-06-30,3.8,1.1558654310876622,False,False,4
1998-09-30,5.1,1.2784118564505749,True,True,2
1998-12-31,6.6,1.2807768854174117,True,True,2
1999-03-31,3.8,1.2365100454515627,False,False,4
1999-06-30,3.4,1.2777616686154996,False,True,3
1999-09-30,5.4,1.291089523020957,True,True,2
1999-12-31,6.7,1.4440799532840758,True,True,2
2000-03-31,1.5,1.7206375233179176,False,True,3
2000-06-30,7.5,1.7223917528226496,True,True,2
2000-09-30,0.4,1.838189063088184,False,True,3
2000-12-31,2.4,1.8633476042336783,True,True,2
2001-03-31,-1.3,1.9911886139344581,False,True,3
2001-06-30,2.5,2.0207994068834148,True,True,2
2001-09-30,-1.6,1.7936412608456538,False,False,4
2001-12-31,1.1,1.7802390770035166,True,False,1
2002-03-31,3.4,1.4332306822311052,True,False,1
2002-06-30,2.5,1.6072095903805206,False,True,3
2002-09-30,1.6,1.8872240142865444,False,True,3
2002-12-31,0.5,1.7573658833227663,False,False,4
2003-03-31,2.1,1.7588920953092613,True,True,2
2003-06-30,3.6,1.5856903914691485,True,False,1
2003-09-30,6.8,1.509216346131444,True,False,1
2003-12-31,4.7,1.6027835399967068,False,True,3
2004-03-31,2.3,1.8475821934743397,False,True,3
2004-06-30,3.1,2.0427526413747974,True,True,2
2004-09-30,3.8,1.9415110791017505,True,False,1
2004-12-31,4.1,2.0369649595077735,True,True,2
2005-03-31,4.5,2.2008264937885436,True,True,2
2005-06-30,2.0,2.1235892669213774,False,False,4
2005-09-30,3.2,2.155702051566588,True,True,2
2005-12-31,2.2,2.284043934042098,False,True,3
2006-03-31,5.5,2.149371570341733,True,False,1
2006-06-30,1.0,2.4555132267093014,False,True,3
2006-09-30,0.6,2.6077042934621986,False,True,3
2006-12-31,3.5,2.3655782838463737,True,False,1
2007-03-31,1.2,2.4779690474032354,False,True,3
2007-06-30,2.5,2.0912941466831647,True,False,1
2007-09-30,2.3,2.042758017775433,False,False,4
2007-12-31,2.5,2.3075814735580735,True,True,2
2008-03-31,-1.7,2.1450641713706067,False,False,4
2008-06-30,2.4,2.1489166072493107,True,True,2
2008-09-30,-2.1,2.1688070348194235,False,True,3
2008-12-31,-8.5,1.3874986216923773,False,False,4
2009-03-31,-4.5,0.8520751545284829,True,False,1
2009-06-30,-0.7,0.8234553827905833,True,False,1
2009-09-30,1.4,0.6672358042564497,True,False,1
2009-12-31,4.4,1.3742971662026389,True,True,2
2010-03-31,1.9,1.722175785884117,False,True,3
2010-06-30,3.9,1.5984670676541413,True,False,1
2010-09-30,3.1,1.3950132689104204,False,False,4
2010-12-31,2.1,1.0857029761735415,False,False,4
2011-03-31,-0.9,1.1833064672948757,False,True,3
2011-06-30,2.7,1.5015301114699027,True,True,2
2011-09-30,-0.1,1.8083014149866017,False,True,3
2011-12-31,4.6,1.8491814855543225,True,True,2
2012-03-31,3.4,2.044057475951385,False,True,3
2012-06-30,1.8,1.8704467215727567,False,False,4
2012-09-30,0.6,1.7004632167413176,False,False,4
2012-12-31,0.5,1.7874611277258534,False,True,3
2013-03-31,4.0,1.5441544242855783,True,False,1
2013-06-30,1.1,1.4112101667011674,False,False,4
2013-09-30,3.5,1.516812565329125,True,True,2
2013-12-31,3.5,1.5054799216801455,False,False,4
2014-03-31,-1.4,1.4300007913172985,False,False,4
2014-06-30,5.3,1.5861556632041178,True,True,2
2014-09-30,5.0,1.5683059934142578,False,False,4
2014-12-31,2.0,1.406613052831925,False,False,4
2015-03-31,3.6,1.2560109579032492,True,False,1
2015-06-30,2.5,1.2652427974157037,False,True,3
2015-09-30,1.6,1.2107764828480267,False,False,4
2015-12-31,0.7,1.1887971407745261,False,False,4
2016-03-31,2.3,1.443191378518079,True,True,2
2016-06-30,1.3,1.5470284848169518,False,True,3
2016-09-30,2.9,1.6605149338036955,True,True,2
2016-12-31,2.2,1.757120249944677,False,True,3
2017-03-31,2.0,1.8030882239137809,False,True,3
2017-06-30,2.3,1.586262097244943,True,False,1
2017-09-30,3.2,1.4530972794707682,True,False,1
2017-12-31,4.6,1.5544213716129018,True,True,2
2018-03-31,3.3,1.7284794387697329,False,True,3
2018-06-30,2.1,1.933780494531952,False,True,3
2018-09-30,2.5,1.9506195703064295,True,True,2
2018-12-31,0.6,1.973077497504394,False,True,3
2019-03-31,2.5,1.7348667445938881,True,False,1
2019-06-30,3.4,1.6189785299879578,True,False,1
2019-09-30,4.8,1.6723126454993704,True,True,2
2019-12-31,2.8,1.5553517781901653,False,False,4
2020-03-31,-5.2,1.6054404673838747,False,True,3
2020-06-30,-28.0,0.9877757697129766,False,False,4
2020-09-30,34.9,1.3623773632164493,True,True,2
2020-12-31,4.6,1.461348195717438,False,True,3
2021-03-31,6.2,1.7899833143087074,True,True,2
2021-06-30,7.1,3.4294285862853955,True,True,2
2021-09-30,3.2,3.887576844342059,False,True,3
2021-12-31,6.8,4.750876293333617,True,True,2
2022-03-31,-1.0,5.484821694609088,False,True,3
2022-06-30,0.6,5.252382589812295,True,False,1
2022-09-30,2.7,5.420866199913547,True,True,2
2022-12-31,2.7,5.2885067953827525,False,False,4
2023-03-31,3.4,4.909536487470123,True,False,1
2023-06-30,2.2,4.710088838854213,False,False,4
2023-09-30,4.5,3.9347283863180245,True,False,1
2023-12-31,3.6,3.407108746515515,False,False,4
2024-03-31,1.4,3.18280962295591,False,False,4
2024-06-30,3.6,2.868763809881828,True,False,1
2024-09-30,3.2,2.850257742217773,False,False,4
2024-12-31,2.4,2.8940107099156918,False,True,3
2025-03-31,0.1,2.7328403684926243,False,False,4
2025-06-30,4.0,2.763139897107903,True,True,2
2025-09-30,3.9,2.836523729266068,False,True,3
2025-12-31,0.2,2.7660187066119875,False,False,4
2026-03-31,2.5,3.0007884899112693,True,True,2
2026-06-30,2.2,3.0956054769535037,False,True,3
