,growth,inflation,g4,q
1960-12-31,-5.0,1.4226821729345973,1.0500000000000003,4
1961-03-31,2.7,1.275097913703956,-0.5999999999999999,4
1961-06-30,7.0,1.224124491310219,1.6750000000000003,4
1961-09-30,7.9,1.2673580983511308,3.1500000000000004,4
1961-12-31,8.1,1.1780300757632107,6.425000000000001,1
1962-03-31,7.3,1.379456759201192,7.575,2
1962-06-30,3.7,1.4370992566393292,6.75,2
1962-09-30,5.0,1.3299136801279736,6.025,2
1962-12-31,1.3,1.2773354272344568,4.325,3
1963-03-31,4.4,1.2379362767948636,3.6000000000000005,4
1963-06-30,4.6,1.2309759852835223,3.825,4
1963-09-30,9.1,1.2879862820868764,4.8500000000000005,4
1963-12-31,2.6,1.586152749892548,5.175000000000001,2
1964-03-31,8.7,1.6800936621607827,6.25,2
1964-06-30,4.4,1.5972771054416708,6.2,2
1964-09-30,6.4,1.4886340288980282,5.525,2
1964-12-31,1.2,1.2595031209902425,5.175000000000001,4
1965-03-31,10.0,1.212453731886957,5.500000000000001,4
1965-06-30,5.2,1.2266748940980527,5.7,4
1965-09-30,9.2,1.258869712258089,6.4,1
1965-12-31,9.5,1.3365510665279763,8.475000000000001,2
1966-03-31,10.1,1.4613873253477145,8.5,2
1966-06-30,1.4,1.9705802255987281,7.550000000000001,2
1966-09-30,3.4,2.4942414838202844,6.1000000000000005,3
1966-12-31,3.3,3.0373961570875796,4.550000000000001,3
1967-03-31,3.6,3.0882578251676023,2.9250000000000007,3
1967-06-30,0.2,2.9403345406679846,2.625000000000001,3
1967-09-30,3.8,3.0247331406719162,2.725000000000001,3
1967-12-31,3.1,3.1729164993655967,2.6750000000000007,3
1968-03-31,8.4,3.7777359669173873,3.8750000000000013,2
1968-06-30,6.9,4.286912120794824,5.550000000000001,2
1968-09-30,3.1,4.503904440529882,5.375000000000001,2
1968-12-31,1.6,4.664222637811336,5.000000000000002,2
1969-03-31,6.4,4.615410488265599,4.500000000000001,2
1969-06-30,1.2,4.650112265609059,3.075000000000001,3
1969-09-30,2.7,4.687404280164394,2.9750000000000014,3
1969-12-31,-1.9,4.698030431234083,2.100000000000001,3
1970-03-31,-0.6,4.694192764071407,0.350000000000001,3
1970-06-30,0.6,4.6266474083050655,0.200000000000001,4
1970-09-30,3.7,4.583895459389131,0.450000000000001,4
1970-12-31,-4.2,4.821451216669341,-0.12499999999999911,3
1971-03-31,11.3,5.006524578890081,2.850000000000001,2
1971-06-30,2.2,5.015719160062974,3.250000000000001,2
1971-09-30,3.3,4.839945532124819,3.150000000000001,2
1971-12-31,0.9,3.9785642410239626,4.425000000000001,1
1972-03-31,7.6,3.661970663727731,3.500000000000001,1
1972-06-30,9.4,3.1863236264073245,5.300000000000001,1
1972-09-30,3.8,2.9907527258697275,5.425000000000001,1
1972-12-31,6.9,3.0490693665675104,6.925000000000002,1
1973-03-31,10.3,2.7812979249685363,7.600000000000001,1
1973-06-30,4.4,3.481151349291989,6.350000000000001,2
1973-09-30,-2.1,4.0739297238157794,4.875000000000002,3
1973-12-31,3.9,4.86447197266829,4.125000000000001,3
1974-03-31,-3.4,5.926183527838528,0.700000000000001,3
1974-06-30,1.0,7.0989577662947525,-0.14999999999999913,3
1974-09-30,-3.7,8.715013464928957,-0.5499999999999992,3
1974-12-31,-1.5,9.842908213250617,-1.899999999999999,3
1975-03-31,-4.8,10.0996308770373,-2.249999999999999,3
1975-06-30,2.9,9.070722279075534,-1.774999999999999,3
1975-09-30,7.0,7.63022488115579,0.900000000000001,1
1975-12-31,5.5,6.77197868335077,2.6500000000000012,1
1976-03-31,9.3,6.318299971558461,6.175000000000002,1
1976-06-30,3.0,5.97762712220952,6.200000000000001,1
1976-09-30,2.2,6.04632903358866,5.000000000000001,1
1976-12-31,2.9,5.98067854385728,4.350000000000001,1
1977-03-31,4.8,6.150160379973786,3.2250000000000014,4
1977-06-30,8.0,6.494488155011116,4.475000000000001,3
1977-09-30,7.4,6.597092686001652,5.775000000000002,2
1977-12-31,0.0,6.478862314018492,5.050000000000001,2
1978-03-31,1.3,6.350587143346835,4.175000000000002,2
1978-06-30,16.4,6.5568186420100245,6.275000000000001,2
1978-09-30,4.1,6.611488758058208,5.450000000000001,3
1978-12-31,5.5,6.97114988954209,6.825000000000001,2
1979-03-31,0.7,6.766713745466572,6.675000000000002,2
1979-06-30,0.4,7.263048024440873,2.6750000000000016,3
1979-09-30,3.0,7.399990028519461,2.4000000000000017,3
1979-12-31,1.0,7.706586189252129,1.2750000000000017,3
1980-03-31,1.3,8.853525601259989,1.4250000000000018,3
1980-06-30,-8.0,8.89595728459504,-0.674999999999998,3
1980-09-30,-0.5,9.302561819892345,-1.549999999999998,3
1980-12-31,7.7,9.678466379624957,0.125000000000002,3
1981-03-31,8.1,9.436890132260567,1.8250000000000017,2
1981-06-30,-2.9,9.063604226962338,3.100000000000002,2
1981-09-30,4.9,8.653437839801711,4.450000000000002,1
1981-12-31,-4.3,7.956072033194794,1.4500000000000022,1
1982-03-31,-6.1,7.158766534273897,-2.099999999999998,4
1982-06-30,1.8,6.5931709725662655,-0.924999999999998,4
1982-09-30,-1.5,6.344309250507589,-2.524999999999998,4
1982-12-31,0.2,5.94018728830427,-1.3999999999999981,4
1983-03-31,5.4,5.783199239916244,1.4750000000000019,1
1983-06-30,9.4,5.170209337457776,3.3750000000000018,1
1983-09-30,8.2,5.083199413744162,5.8000000000000025,1
1983-12-31,8.6,4.469773019846368,7.900000000000002,1
1984-03-31,8.1,4.155936204302657,8.575000000000001,1
1984-06-30,7.1,4.575912656765417,8.000000000000002,1
1984-09-30,3.9,3.9777952041367026,6.925000000000002,1
1984-12-31,3.3,3.8857124616800647,5.600000000000002,4
1985-03-31,3.9,4.250382230705241,4.5500000000000025,3
1985-06-30,3.6,3.9372180697044623,3.675000000000002,4
1985-09-30,6.3,4.028029392191534,4.275000000000002,3
1985-12-31,3.0,4.034069203716739,4.200000000000003,3
1986-03-31,3.8,3.7425982268622335,4.1750000000000025,4
1986-06-30,1.8,3.5556329333328307,3.7250000000000023,1
1986-09-30,3.9,3.206925517489001,3.125000000000002,4
1986-12-31,2.2,3.3062903093597384,2.9250000000000025,4
1987-03-31,3.0,2.849990875836713,2.7250000000000023,4
1987-06-30,4.4,3.1412361252926977,3.375000000000002,4
1987-09-30,3.5,3.3551849386914028,3.275000000000002,2
1987-12-31,7.0,3.5624535326536972,4.475000000000002,2
1988-03-31,2.1,3.9036379231037017,4.250000000000003,2
1988-06-30,5.4,4.151668765362756,4.500000000000002,2
1988-09-30,2.4,4.416049421819731,4.225000000000002,2
1988-12-31,5.4,4.520287307316366,3.8250000000000024,3
1989-03-31,4.1,4.651429879064839,4.325000000000003,2
1989-06-30,3.1,4.339071427176896,3.750000000000002,3
1989-09-30,3.0,3.9187900342932074,3.900000000000002,4
1989-12-31,0.8,3.7110808366722794,2.750000000000002,4
1990-03-31,4.4,3.7723590025630305,2.8250000000000024,4
1990-06-30,1.5,3.985902720440341,2.4250000000000025,4
1990-09-30,0.3,4.260778130462714,1.7500000000000024,3
1990-12-31,-3.6,4.182913167824427,0.6500000000000022,3
1991-03-31,-1.9,3.911608909246459,-0.9249999999999978,3
1991-06-30,3.2,3.5550651635815798,-0.4999999999999978,4
1991-09-30,2.0,3.442139103199112,-0.07499999999999774,4
1991-12-31,1.4,3.387695689035771,1.1750000000000023,1
1992-03-31,4.9,3.262459239171737,2.875000000000002,1
1992-06-30,4.4,3.196207406937416,3.1750000000000025,1
1992-09-30,4.0,2.88126210595104,3.6750000000000025,1
1992-12-31,4.2,2.8256742792386693,4.375000000000003,1
1993-03-31,0.7,2.748391826383749,3.3250000000000024,1
1993-06-30,2.3,2.802604443854443,2.8000000000000025,4
1993-09-30,1.9,2.7686212835605386,2.275000000000002,4
1993-12-31,5.6,2.545858079600823,2.6250000000000018,4
1994-03-31,3.9,2.3055662384205458,3.425000000000002,1
1994-06-30,5.5,2.2181881616608834,4.225000000000001,1
1994-09-30,2.4,2.217415527853069,4.350000000000001,1
1994-12-31,4.7,2.211069474592775,4.125000000000002,1
1995-03-31,1.4,2.2826740494653905,3.5000000000000018,1
1995-06-30,1.2,2.202256815087278,2.4250000000000016,4
1995-09-30,3.5,2.119154746659461,2.7000000000000015,4
1995-12-31,2.7,2.1124174644544302,2.200000000000002,4
1996-03-31,3.0,1.9794596748357485,2.6000000000000014,4
1996-06-30,6.8,1.8595550264070078,4.000000000000002,1
1996-09-30,3.6,1.8387206388105055,4.025000000000002,1
1996-12-31,4.2,1.9075241001373922,4.400000000000002,1
1997-03-31,2.6,1.9071341684519998,4.3000000000000025,1
1997-06-30,6.8,1.9541307473857887,4.3000000000000025,2
1997-09-30,5.1,1.7282442785302221,4.6750000000000025,1
1997-12-31,3.5,1.4724051820238948,4.500000000000002,1
1998-03-31,4.1,1.3732981390692196,4.875000000000002,1
1998-06-30,3.8,1.1558654310876622,4.125000000000002,4
1998-09-30,5.1,1.2784118564505749,4.125000000000002,4
1998-12-31,6.6,1.2807768854174117,4.900000000000001,1
1999-03-31,3.8,1.2365100454515627,4.825000000000001,4
1999-06-30,3.4,1.2777616686154996,4.725000000000001,2
1999-09-30,5.4,1.291089523020957,4.8000000000000025,2
1999-12-31,6.7,1.4440799532840758,4.825000000000002,3
2000-03-31,1.5,1.7206375233179176,4.250000000000002,3
2000-06-30,7.5,1.7223917528226496,5.275000000000002,2
2000-09-30,0.4,1.838189063088184,4.025000000000002,3
2000-12-31,2.4,1.8633476042336783,2.950000000000002,3
2001-03-31,-1.3,1.9911886139344581,2.2500000000000018,3
2001-06-30,2.5,2.0207994068834148,1.0000000000000018,3
2001-09-30,-1.6,1.7936412608456538,0.5000000000000018,4
2001-12-31,1.1,1.7802390770035166,0.17500000000000182,4
2002-03-31,3.4,1.4332306822311052,1.3500000000000019,4
2002-06-30,2.5,1.6072095903805206,1.3500000000000019,1
2002-09-30,1.6,1.8872240142865444,2.1500000000000017,2
2002-12-31,0.5,1.7573658833227663,2.0000000000000018,1
2003-03-31,2.1,1.7588920953092613,1.6750000000000016,2
2003-06-30,3.6,1.5856903914691485,1.9500000000000017,1
2003-09-30,6.8,1.509216346131444,3.2500000000000018,1
2003-12-31,4.7,1.6027835399967068,4.300000000000002,1
2004-03-31,2.3,1.8475821934743397,4.350000000000001,2
2004-06-30,3.1,2.0427526413747974,4.225000000000001,2
2004-09-30,3.8,1.9415110791017505,3.475000000000002,2
2004-12-31,4.1,2.0369649595077735,3.3250000000000015,3
2005-03-31,4.5,2.2008264937885436,3.8750000000000018,3
2005-06-30,2.0,2.1235892669213774,3.600000000000002,3
2005-09-30,3.2,2.155702051566588,3.450000000000002,3
2005-12-31,2.2,2.284043934042098,2.975000000000002,3
2006-03-31,5.5,2.149371570341733,3.225000000000002,4
2006-06-30,1.0,2.4555132267093014,2.975000000000002,3
2006-09-30,0.6,2.6077042934621986,2.3250000000000015,3
2006-12-31,3.5,2.3655782838463737,2.6500000000000017,3
2007-03-31,1.2,2.4779690474032354,1.5750000000000017,3
2007-06-30,2.5,2.0912941466831647,1.9500000000000017,4
2007-09-30,2.3,2.042758017775433,2.3750000000000018,1
2007-12-31,2.5,2.3075814735580735,2.1250000000000018,4
2008-03-31,-1.7,2.1450641713706067,1.4000000000000017,4
2008-06-30,2.4,2.1489166072493107,1.3750000000000018,3
2008-09-30,-2.1,2.1688070348194235,0.2750000000000018,3
2008-12-31,-8.5,1.3874986216923773,-2.4749999999999983,4
2009-03-31,-4.5,0.8520751545284829,-3.1749999999999985,4
2009-06-30,-0.7,0.8234553827905833,-3.9499999999999984,4
2009-09-30,1.4,0.6672358042564497,-3.0749999999999984,4
2009-12-31,4.4,1.3742971662026389,0.1500000000000019,1
2010-03-31,1.9,1.722175785884117,1.7500000000000018,2
2010-06-30,3.9,1.5984670676541413,2.900000000000002,2
2010-09-30,3.1,1.3950132689104204,3.325000000000002,2
2010-12-31,2.1,1.0857029761735415,2.7500000000000018,1
2011-03-31,-0.9,1.1833064672948757,2.0500000000000016,1
2011-06-30,2.7,1.5015301114699027,1.7500000000000018,4
2011-09-30,-0.1,1.8083014149866017,0.9500000000000018,3
2011-12-31,4.6,1.8491814855543225,1.5750000000000017,3
2012-03-31,3.4,2.044057475951385,2.6500000000000017,2
2012-06-30,1.8,1.8704467215727567,2.4250000000000016,2
2012-09-30,0.6,1.7004632167413176,2.6000000000000014,1
2012-12-31,0.5,1.7874611277258534,1.5750000000000017,4
2013-03-31,4.0,1.5441544242855783,1.7250000000000019,4
2013-06-30,1.1,1.4112101667011674,1.550000000000002,4
2013-09-30,3.5,1.516812565329125,2.2750000000000017,4
2013-12-31,3.5,1.5054799216801455,3.0250000000000017,1
2014-03-31,-1.4,1.4300007913172985,1.6750000000000018,4
2014-06-30,5.3,1.5861556632041178,2.725000000000002,2
2014-09-30,5.0,1.5683059934142578,3.100000000000002,2
2014-12-31,2.0,1.406613052831925,2.725000000000002,4
2015-03-31,3.6,1.2560109579032492,3.975000000000002,1
2015-06-30,2.5,1.2652427974157037,3.2750000000000017,1
2015-09-30,1.6,1.2107764828480267,2.4250000000000016,4
2015-12-31,0.7,1.1887971407745261,2.100000000000002,4
2016-03-31,2.3,1.443191378518079,1.775000000000002,3
2016-06-30,1.3,1.5470284848169518,1.4750000000000016,3
2016-09-30,2.9,1.6605149338036955,1.8000000000000018,3
2016-12-31,2.2,1.757120249944677,2.1750000000000016,2
2017-03-31,2.0,1.8030882239137809,2.100000000000002,2
2017-06-30,2.3,1.586262097244943,2.350000000000002,2
2017-09-30,3.2,1.4530972794707682,2.4250000000000016,1
2017-12-31,4.6,1.5544213716129018,3.0250000000000017,1
2018-03-31,3.3,1.7284794387697329,3.3500000000000014,1
2018-06-30,2.1,1.933780494531952,3.3000000000000016,2
2018-09-30,2.5,1.9506195703064295,3.1250000000000018,2
2018-12-31,0.6,1.973077497504394,2.1250000000000018,3
2019-03-31,2.5,1.7348667445938881,1.9250000000000018,3
2019-06-30,3.4,1.6189785299879578,2.2500000000000018,4
2019-09-30,4.8,1.6723126454993704,2.8250000000000015,4
2019-12-31,2.8,1.5553517781901653,3.3750000000000018,1
2020-03-31,-5.2,1.6054404673838747,1.4500000000000015,4
2020-06-30,-28.0,0.9877757697129766,-6.399999999999999,4
2020-09-30,34.9,1.3623773632164493,1.1250000000000009,4
2020-12-31,4.6,1.461348195717438,1.575000000000001,4
2021-03-31,6.2,1.7899833143087074,4.425000000000001,2
2021-06-30,7.1,3.4294285862853955,13.200000000000001,2
2021-09-30,3.2,3.887576844342059,5.275000000000001,2
2021-12-31,6.8,4.750876293333617,5.825000000000002,2
2022-03-31,-1.0,5.484821694609088,4.025000000000001,3
2022-06-30,0.6,5.252382589812295,2.4000000000000017,3
2022-09-30,2.7,5.420866199913547,2.2750000000000012,3
2022-12-31,2.7,5.2885067953827525,1.2500000000000013,3
2023-03-31,3.4,4.909536487470123,2.3500000000000014,4
2023-06-30,2.2,4.710088838854213,2.7500000000000018,1
2023-09-30,4.5,3.9347283863180245,3.200000000000001,1
2023-12-31,3.6,3.407108746515515,3.4250000000000016,1
2024-03-31,1.4,3.18280962295591,2.9250000000000016,1
2024-06-30,3.6,2.868763809881828,3.2750000000000017,1
2024-09-30,3.2,2.850257742217773,2.950000000000001,4
2024-12-31,2.4,2.8940107099156918,2.6500000000000012,4
2025-03-31,0.1,2.7328403684926243,2.3250000000000015,4
2025-06-30,4.0,2.763139897107903,2.425000000000001,4
2025-09-30,3.9,2.836523729266068,2.6000000000000014,4
2025-12-31,0.2,2.7660187066119875,2.050000000000001,4
2026-03-31,2.5,3.0007884899112693,2.6500000000000012,2
2026-06-30,2.2,3.0956054769535037,2.2000000000000015,3
